slug,iso,macro_region,name_ro,name_ru,name_en,search_aliases
anenii-noi,MD-AN,centru,"Anenii Noi","Анений Ной","Anenii Noi",
balti,MD-BA,nord,Bălți,Бэлць,Bălți,Бельцы
basarabeasca,MD-BS,sud,Basarabeasca,Басарабяска,Basarabeasca,Бессарабка
bender,MD-BD,stanga-nistrului,Bender,Бендер,Bender,Бендеры|Tighina|Тигина
briceni,MD-BR,nord,Briceni,Бричень,Briceni,Бричаны
cahul,MD-CA,sud,Cahul,Кахул,Cahul,Кагул
calarasi,MD-CL,centru,Călărași,Кэлэрашь,Călărași,
cantemir,MD-CT,sud,Cantemir,Кантемир,Cantemir,
causeni,MD-CS,sud,Căușeni,Кэушень,Căușeni,Каушаны
chisinau,MD-CU,chisinau,Chișinău,Кишинэу,Chișinău,Кишинёв
cimislia,MD-CM,sud,Cimișlia,Чимишлия,Cimișlia,
criuleni,MD-CR,centru,Criuleni,Криулень,Criuleni,Криуляны
donduseni,MD-DO,nord,Dondușeni,Дондушень,Dondușeni,Дондюшаны
drochia,MD-DR,nord,Drochia,Дрокия,Drochia,
dubasari,MD-DU,centru,Dubăsari,Дубэсарь,Dubăsari,Дубоссары
edinet,MD-ED,nord,Edineț,Единец,Edineț,
falesti,MD-FA,nord,Fălești,Фэлешть,Fălești,Фалешты
floresti,MD-FL,nord,Florești,Флорешть,Florești,Флорешты
gagauzia,MD-GA,gagauzia,"UTA Găgăuzia","АТО Гагаузия","ATU Gagauzia",
glodeni,MD-GL,nord,Glodeni,Глодень,Glodeni,Глодяны
hincesti,MD-HI,centru,Hîncești,Хынчешть,Hîncești,
ialoveni,MD-IA,centru,Ialoveni,Яловень,Ialoveni,Яловены
leova,MD-LE,sud,Leova,Леова,Leova,
nisporeni,MD-NI,centru,Nisporeni,Ниспорень,Nisporeni,Ниспорены
ocnita,MD-OC,nord,Ocnița,Окница,Ocnița,
orhei,MD-OR,centru,Orhei,Орхей,Orhei,Оргеев
rezina,MD-RE,centru,Rezina,Резина,Rezina,
riscani,MD-RI,nord,Rîșcani,Рышкань,Rîșcani,Рышканы
singerei,MD-SI,nord,Sîngerei,Сынджерей,Sîngerei,Сынжерей
soldanesti,MD-SD,centru,Șoldănești,Шолдэнешть,Șoldănești,Шолданешты
soroca,MD-SO,nord,Soroca,Сорока,Soroca,Сороки
stanga-nistrului,MD-SN,stanga-nistrului,"Stânga Nistrului","Левобережье Днестра","Left Bank of the Dniester",
stefan-voda,MD-SV,sud,"Ștefan Vodă","Штефан Водэ","Ștefan Vodă",Штефан-Водэ
straseni,MD-ST,centru,Strășeni,Стрэшень,Strășeni,Страшены
taraclia,MD-TA,sud,Taraclia,Тараклия,Taraclia,
telenesti,MD-TE,centru,Telenești,Теленешть,Telenești,Теленешты
ungheni,MD-UN,centru,Ungheni,Унгень,Ungheni,Унгены
